variable,VIF
x_log_nv,6.802306946344429
x_log_rat,5.980035967364679
x_log_nt,2.536855403289786
x_log_pop,1.7879823555535004
x_dist,1.5963682461386006
